{"cameraMode":{"drawMode":0,"name":"Shaded","section":"Shading Mode"},"sceneLighting":true,"audioPlay":false,"sceneViewState":{"showFog":true,"showMaterialUpdate":false,"showSkybox":true,"showFlares":true,"showImageEffects":true,"showParticleSystems":true},"in2DMode":false,"pivot":{"x":39.34099197387695,"y":1.9829976558685303,"z":19.43317413330078},"rotation":{"x":0.16395249962806703,"y":-0.6890941262245178,"z":0.16441452503204347,"w":0.6865934133529663},"size":3.207845687866211,"orthographic":false}